<?xml version="1.0" encoding="UTF-8" ?>
<!DOCTYPE mapper PUBLIC "-//mybatis.org//DTD Mapper 3.0//EN" "http://mybatis.org/dtd/mybatis-3-mapper.dtd" >
<mapper namespace="top.lconcise.mapper.UserMapper">

    <resultMap id="BaseResultMap" type="top.lconcise.entity.User">
        <id column="id" property="id" jdbcType="BIGINT"/>
        <result column="username" property="username" jdbcType="VARCHAR"/>
        <result column="password" property="password" jdbcType="VARCHAR"/>
        <result column="user_sex" property="userSex" javaType="top.lconcise.entity.Sex"/>
    </resultMap>

    <select id="getOne" parameterType="Long" resultMap="BaseResultMap">
        select * from user where id= #{id}
    </select>

    <select id="getPage" parameterType="top.lconcise.page.UserParam" resultType="top.lconcise.entity.User">
        select * from user
        where 1=1
        <if test="username !=null and username != ''">and username = #{username}</if>
        <if test="userSex !=null and userSex != ''">and user_sex = #{userSex}</if>
        order by id desc
        limit #{beginLine},#{pageSize}
    </select>

    <select id="getCount" parameterType="top.lconcise.page.UserParam" resultType="Integer">
        select count(1) from user
        where 1=1
        <if test="username !=null and username != ''">and username = #{username}</if>
        <if test="userSex !=null and userSex != ''">and user_sex = #{userSex}</if>
    </select>

    <select id="getAll" resultMap="BaseResultMap">
        select * from user;
    </select>

    <insert id="insert" parameterType="top.lconcise.entity.User">
        insert into user(username,password,user_sex) values(#{username},#{password},#{userSex})
    </insert>

    <update id="update" parameterType="top.lconcise.entity.User">
        update user
        set
        <if test="username !=null and username !=''">username = #{username},</if>
        <if test="password !=null and password !=''">password = #{password},</if>
        user_sex = #{userSex}
        where id = #{id}
    </update>

    <delete id="delete" parameterType="Long">
        delete from user where id = #{id}
    </delete>
</mapper>